Disease,Complications
Common Cold,"While generally mild, if not managed properly, the common cold can sometimes lead to sinusitis or ear infections, causing temporary discomfort. It's important to rest and stay hydrated to recover quickly."
Seasonal Allergies,"If not controlled, seasonal allergies can lead to sinus infections or ear infections, which can cause temporary discomfort. Regular use of antihistamines and avoiding allergens can help manage symptoms effectively."
Mild Food Poisoning,"Usually resolves on its own, but dehydration and temporary weakness can occur. Staying hydrated and resting are essential to recover quickly."
Tension Headache,"While often manageable, chronic tension headaches can reduce productivity and cause ongoing discomfort. Stress management techniques and proper posture can help prevent them."
Athlete's Foot,"If not treated, athlete's foot can lead to secondary bacterial infections, requiring further treatment. Keeping feet dry and using antifungal treatments can prevent complications."
Mild Acne,"Mild acne can sometimes cause mild scarring or hyperpigmentation if not managed, but these are usually treatable with proper skincare routines."
Mild Eczema,"If not managed properly, mild eczema can lead to secondary infections and chronic itching, but these can be controlled with appropriate care and moisturizers."
Minor Cuts and Scrapes,"May become infected if not cleaned properly, leading to delayed healing. Keeping the wound clean and covered can prevent infections."
Cold Sores,Cold sores can spread to other parts of the body or lead to secondary bacterial infections if not managed properly. Using antiviral creams can help reduce the duration and spread.
Canker Sores,"Usually heal on their own, but can cause temporary pain and difficulty eating or drinking. Avoiding spicy foods and using mouth rinses can alleviate discomfort."
Fungal infection,"If not treated, fungal infections can lead to secondary bacterial infections or become chronic, but these are generally manageable with antifungal treatments."
Allergy,"If left unmanaged, allergies can lead to chronic sinus issues or, in rare cases, more severe reactions like asthma or anaphylaxis. Using allergy medications and avoiding triggers can help."
GERD,Ignoring GERD can lead to inflammation of the esophagus (esophagitis) or more serious conditions like Barrett’s esophagus over time. Lifestyle changes and medications can effectively manage GERD.
Chronic cholestasis,"If untreated, chronic cholestasis can lead to liver issues such as cirrhosis or vitamin deficiencies, but early management can prevent these complications."
Drug Reaction,"Drug reactions can cause severe allergic reactions or organ damage if not addressed promptly, so it’s important to seek medical attention immediately."
Peptic ulcer disease,"If ignored, peptic ulcers can cause internal bleeding or perforation, but these conditions are preventable with proper treatment and lifestyle changes."
AIDS,"Requires continuous treatment to prevent opportunistic infections and other complications, but with proper care, many individuals live long, healthy lives."
Diabetes,"Managing diabetes is crucial to prevent long-term complications like heart disease or kidney damage, but these can be managed with proper care and lifestyle adjustments."
Gastroenteritis,"Usually resolves quickly, but severe cases can lead to dehydration or kidney issues if not managed. Staying hydrated and resting are essential."
Bronchial Asthma,"Can lead to chronic lung issues if not managed, but with proper treatment and avoiding triggers, most individuals can lead active lives."
Hypertension,"If uncontrolled, hypertension can lead to heart disease or kidney damage over time, but these are preventable with proper management and medications."
Migraine,"Chronic migraines can impact quality of life, but managing triggers and treatment can reduce frequency and severity."
Cervical spondylosis,"May cause chronic neck pain or nerve issues if not managed, but physical therapy and lifestyle changes can help significantly."
Paralysis (brain hemorrhage),"Immediate treatment is crucial to prevent long-term disability or recurrent strokes, with rehabilitation often needed for recovery."
Jaundice,"Underlying causes need to be treated to prevent liver issues like cirrhosis, but early intervention is effective in managing jaundice."
Malaria,"Common in some regions, but if ignored, can lead to anemia or more serious forms like cerebral malaria, so prompt treatment is important."
Chicken pox,"Usually mild, but can cause secondary infections or pneumonia if not managed properly, especially in adults."
Dengue,"Usually resolves with rest, but severe cases can lead to complications like dengue hemorrhagic fever if not monitored properly."
Typhoid,"Treatable with antibiotics, but if ignored, can cause serious complications like intestinal perforation."
Hepatitis A,"Generally resolves on its own, but can cause prolonged jaundice if not monitored, especially in severe cases."
Hepatitis B,"Chronic infection can lead to liver cirrhosis or cancer if not managed, but treatment can prevent these outcomes."
Hepatitis C,"Similar to Hepatitis B, chronic infection requires management to prevent serious liver issues."
Hepatitis D,"Severe in co-infection with Hep B, requiring early treatment to prevent liver complications."
Hepatitis E,"Usually self-limiting, but can cause acute liver failure in rare cases, especially in immunocompromised individuals."
Alcoholic hepatitis,"Requires lifestyle changes to prevent liver cirrhosis, but early intervention can significantly improve outcomes."
Tuberculosis,"Needs prompt treatment to prevent lung damage and spread to other organs, but is highly treatable with medication."
Pneumonia,"Can lead to serious complications like respiratory failure if not treated, but early treatment is very effective."
Dimorphic hemorrhoids (piles),"Can cause chronic pain or anemia if not treated, but are manageable with proper care and treatment."
Heart attack,"Immediate treatment is crucial to prevent heart failure or other complications, but recovery is possible with proper care and lifestyle changes."
Varicose veins,"Can lead to ulcers or blood clots if not managed, but treatment can prevent these issues and improve comfort."
Hypothyroidism,"Untreated hypothyroidism can cause heart problems or mental health issues, but is easily managed with medication."
Hyperthyroidism,"Requires treatment to prevent heart problems or osteoporosis, but is very manageable with medication and regular monitoring."
Hypoglycemia,"Immediate treatment is required to prevent seizures or unconsciousness, but is easily managed with awareness and planning."
Osteoarthritis,"Can cause chronic pain and decreased mobility, but physical therapy and treatment can help significantly."
Arthritis,"Chronic pain and joint damage can occur if not treated, but many treatments are available to manage symptoms effectively."
(vertigo) Paroxysmal Positional Vertigo,"Can cause falls or anxiety if not managed, but specific exercises can help resolve it and improve balance."
Acne,"Usually mild, but can lead to scarring or psychological distress if not managed, but many effective treatments are available."
Urinary tract infection,"If untreated, can lead to kidney infections, but are easily treatable with antibiotics and proper hydration."
Psoriasis,"Chronic condition that can lead to arthritis or cardiovascular issues if not managed, but many treatments are available to control symptoms."
Impetigo,"Usually mild, but can cause cellulitis or kidney inflammation if not treated, but is easily managed with antibiotics."
